{
    "btc_current_price": 92621.7806538,
    "open_interest_usdt": 8813115079.8726,
    "etf_inflow_num": -394680000.0,
    "timestamp": 1768796474.324922
}