{
    "btc_current_price": 76695.08535308,
    "open_interest_usdt": 6818207869.758144,
    "etf_inflow_num": -183340000.0,
    "timestamp": 1770169140.27683
}