{
    "btc_current_price": 82507.81714494,
    "open_interest_usdt": 8568986976.726,
    "etf_inflow_num": -19640000.0,
    "timestamp": 1769744831.372638
}