{
    "btc_current_price": 75931.72777868,
    "open_interest_usdt": 6758042132.142399,
    "etf_inflow_num": 561890000.0,
    "timestamp": 1770166807.595452
}